序号,名称,类别,电话,地址,邮编
1,上海市浦东新区听潮艺术幼儿园,公办幼儿园,"58022345
58022345
/","北园：惠南镇城西路300号
南园：惠南镇城西路185号
香桂部：康锦路175号",201300
2,上海市浦东新区东蕾幼儿园,公办幼儿园,"68957774
50258399
68513601","凌河路420弄49号
金鹏部：五莲路780弄91号
博兴部：东陆路1182弄80号",201206
3,上海市浦东新区蒲公英幼儿园,公办幼儿园,"38420405
50551166
38420999＊618","金桥湾部：长岛路1280弄71号
欧洲城部：佳京路125号
彩虹岛部：胶东路766号","200129
201206
200129"
4,上海市浦东新区潼江幼儿园,公办幼儿园,"58618211
58616220
58618211","潼江部:高桥潼港二村10号
高桥新村部:高桥一村13号
港城部:同港路25号",200137
5,上海市浦东新区东沟幼儿园,公办幼儿园,"68466388
68462392
68978607","浦煤新村31号
东靖部:东沟二村甲14号
新行部:新行路418号","200129
200129
201208"
6,上海市浦东新区金童幼儿园,公办幼儿园,50500617,"金杨路273弄25号
金杨新村685弄内
东波路567号",200135
7,上海市浦东新区东昌幼儿园,公办幼儿园,50136501,"小石桥路69号
御桥路2066弄28号
民生路999弄38号",200120
8,上海市浦东新区金囡幼儿园,公办幼儿园,38820214,"苗圃路470号
博山东路710号",200135
9,上海市浦东新区百灵鸟幼儿园,公办幼儿园,38760076,"灵山路1415弄93号
崮山路阳光三村3号",200135
10,上海市浦东新区冰厂田幼儿园,公办幼儿园,50308237,"黑松路201号
商城路1177弄11号
商城路1178弄38号
浦东南路2227号
云山路1268弄",200135
11,上海市浦东新区东方幼儿园,公办幼儿园,50333996,"紫槐路30号
商城路1028弄36号
沈家弄路900弄32号
锦绣路50号
丁香路911号",200135
12,上海市浦东新区西门幼儿园,公办幼儿园,58989822,"妙境路421号
川沙路4586弄21号
广厦路33号",201200
13,上海市浦东新区园西幼儿园,公办幼儿园,58926628,"临园路36号
川沙路5122弄58号
妙境路340号",201200
14,上海市浦东新区六一幼儿园,公办幼儿园,50595561,"海桐路151号
芳草路561号
龙阳路1822弄2号",201204
15,上海市浦东新区南门幼儿园,公办幼儿园,"58374322
/
/
/","华夏二路828号
城南路380弄3号
华夏东路2110弄40号
益江路385号","201200
/
/
201203"
16,上海市浦东新区浦南幼儿园,公办幼儿园,"50819260
/
/
/","灵山路609号
王家宅62号
东绣路568号
东明路600弄25号","200135
200122
201204
200126"
17,上海市浦东新区上钢新村幼儿园,公办幼儿园,68701244,"（三村部）历城路20弄2号
（小班部）昌里路290号
（海贝部）昌里东路80弄62号","200126
200127
200128"
18,上海市浦东新区云台幼儿园,公办幼儿园,"68701608
50774065
/","（总部）昌里东路190弄9号
（云天部）昌里东路320弄33号
（云海部）华绣路67号",200125
19,上海市浦东新区小天鹅幼儿园,公办幼儿园,"50630297
68301598
50847868","（凌兆总校区）凌兆路531弄68号
（上浦南部校区）上浦路510弄34号
（上浦北部校区）上浦路505弄15号",200124
20,上海市浦东新区临沂八村幼儿园,公办幼儿园,"58755691
50390318
38870495","（总部）临沂路81弄71号
（绿舟部）东方路2993弄33号
（金谊部）云台路2290号","200125
200125
200123"
21,上海市浦东新区东南幼儿园,公办幼儿园,"58113343
20925183","（总部）周浦镇东南一村27号
（圣鑫部）周浦镇周东路782弄43号",201318
22,上海市浦东新区童乐幼儿园,公办幼儿园,58464779,柳埠路135弄24号,200129
23,上海市浦东新区东陆幼儿园,公办幼儿园,38420299,巨峰路90弄99号,201206
24,上海市浦东新区星雨幼儿园,公办幼儿园,68610232,总部：利津路185弄35号,200129
25,上海市浦东新区好时光幼儿园,公办幼儿园,68682918,曹路镇民雷路689号,201209
26,上海市浦东新区好日子幼儿园,公办幼儿园,68683041,曹路镇民春路75号,201209
27,上海市浦东新区莱阳幼儿园,公办幼儿园,"38710899
38710339","五莲路100弄23号
沪东新村分部:沪东新村350号",200129
28,上海市浦东新区东波幼儿园,公办幼儿园,68468698,东波路195弄88号,200129
29,上海市浦东新区金钥匙幼儿园,公办幼儿园,"50381073
50329986","金桥路351弄36号
金东名苑部：金杨路1059弄100号","200129
201206"
30,上海市浦东新区金新幼儿园,公办幼儿园,68951515,"东陆路1456弄55号
花园部:长岛路1560弄26号",201206
31,上海市浦东新区东荷幼儿园,公办幼儿园,"38420063
68689317","东陆路1018弄107号
利津部:莱阳路806号","201206
200129"
32,上海市浦东新区星韵幼儿园,公办幼儿园,58656245,双桥路300弄1号,201208
33,上海市浦东新区高南幼儿园,公办幼儿园,58672887,莱阳路3380号,200137
34,上海市浦东新区华高幼儿园,公办幼儿园,68972558,"华高一村132号
东部：双桥路1327号",201208
35,上海市浦东新区顾路幼儿园,公办幼儿园,"68723652
58633252
50587828","顾路部：顾曹路591号
安基部：曹路镇安基村
海鹏部：海鹏路325号",201209
36,上海市浦东新区龚路幼儿园,公办幼儿园,"58566383
58560794","曹路龚华路265号
分部：龚路新西街30号",201209
37,上海市浦东新区金桥幼儿园,公办幼儿园,58998533,"张桥永宁路111号
金桥路2688号",201206
38,上海市浦东新区东园幼儿园,公办幼儿园,58213753,"东园一村136号
商城路1433号",200120
39,上海市浦东新区福山幼儿园,公办幼儿园,58305210,"福山路40弄11号
乳山路138弄9号",200120
40,上海市浦东新区阳光幼儿园,公办幼儿园,50500078,金口路471弄26号,200135
41,上海市浦东新区博山幼儿园,公办幼儿园,38821881,"博山路50弄87号
博山路51弄39号",200135
42,上海市浦东新区蓝贝壳幼儿园,公办幼儿园,50703528,"德平路1066弄70号
张扬路1734弄22号",200135
43,上海市浦东新区金科苑幼儿园,公办幼儿园,50707996,"金杨路220弄62号
灵山路2011弄30号",200135
44,上海市浦东新区明珠幼儿园,公办幼儿园,68500688,"枣庄路210弄38号
博山东路553弄30号",200129
45,上海市浦东新区香山幼儿园,公办幼儿园,38760888,德平路1189弄29号,200136
46,上海市浦东新区小螺号幼儿园,公办幼儿园,38820305,"博山东路81弄26号
博山东路459弄24号
巨野路680号",200135
47,上海市浦东新区巨野幼儿园,公办幼儿园,68620604,"巨野路80弄7号
浦东大道1700弄28号",200135
48,上海市浦东新区合庆幼儿园,公办幼儿园,58971728,合庆镇庆利路58号,201201
49,上海市浦东新区大团幼儿园,公办幼儿园,58081149,大团镇永春西一路190号,201311
50,上海市浦东新区浦电幼儿园,公办幼儿园,58302333,浦电路331弄19号,200122
51,上海市浦东新区竹园幼儿园,公办幼儿园,58207072,潍坊路355弄22号,200122
52,上海市浦东新区崂山东路幼儿园,公办幼儿园,68671977,崂山东路644弄32号,200122
53,上海市浦东新区新苗幼儿园,公办幼儿园,50810131,浦电路29弄9号,200122
54,上海市浦东新区童瑶幼儿园,公办幼儿园,38763880,"东建路680弄30号
浦建路1578弄69号
锦安东路87号",201204
55,上海市浦东新区牡丹幼儿园,公办幼儿园,50453269,"牡丹路259弄35号
樱花路670弄",201204
56,上海市浦东新区华林幼儿园,公办幼儿园,68945050,"芳华路281号
严镇路96弄2号
芳波路151号",201204
57,上海市浦东新区张江经典幼儿园,公办幼儿园,"61044516
/
50790322","香楠路428弄1号
秋月路89号
建中路466号",201203
58,上海市浦东新区广兰幼儿园,公办幼儿园,58956800,"广兰路248弄16号
香楠路200弄36号",201203
59,上海市浦东新区中市街幼儿园,公办幼儿园,58982463,"场署街1号
西泥路112号
石皮路54弄12号
新德西路216号",201200
60,上海市浦东新区黄楼幼儿园,公办幼儿园,38924012,"栏学路495号
航城三路573弄11号",201202
61,上海市浦东新区晨阳幼儿园,公办幼儿园,58935008,"江镇江明路205号
新建路48号",201202
62,上海市浦东新区东港幼儿园,公办幼儿园,"68965683
50530069","航城路401弄46号
水闸南路176号",201202
63,上海市浦东新区济阳一村幼儿园,公办幼儿园,"58743563
58860918
58720176","（总部校区）德州路420弄21号
（德三校区）成山路24弄67号
（济二校区）德州路421弄32号",200126
64,上海市浦东新区上南九村幼儿园,公办幼儿园,"68630420
58742377","成山路248弄30号
（七村）洪山路237弄13号",200126
65,上海市浦东新区春之声幼儿园,公办幼儿园,61343368,书房路411号,200123
66,上海市浦东新区雪野世博家园幼儿园,公办幼儿园,61069303,浦东大道站路496号,200123
67,上海市浦东新区百合花幼儿园,公办幼儿园,50651808*800,西泰林路926号,200123
68,上海市浦东新区昌里幼儿园,公办幼儿园,50775781,南码头路1621弄37号,200125
69,上海市浦东新区齐河幼儿园,公办幼儿园,"50777882
50868172","（总部）昌里东路651弄44号
（彩虹部）浦三路747号",200125
70,上海市浦东新区红苹果幼儿园,公办幼儿园,"38840140
68362178","（总部）南码头路1136弄35号甲
（分部）东明路355弄44号",200125
71,上海市浦东新区天天乐幼儿园,公办幼儿园,"58890157
58700606
50890813","（总部）浦建路211弄13号
（一分部）南泉路1300弄22号
（二分部）南泉路1250弄3号",200127
72,上海市浦东新区兰亭幼儿园,公办幼儿园,58810248,蓝村路471弄32号,200127
73,上海市浦东新区塘桥幼儿园,公办幼儿园,58811537,"（总部）塘桥路223弄7号
（分部）微山二村22号",200127
74,上海市浦东新区临沂一村幼儿园,公办幼儿园,38810231,临沂一村56号,200125
75,上海市浦东新区临沂五村幼儿园,公办幼儿园,58733536,临沂路381弄30号,200125
76,上海市浦东新区小天使幼儿园,公办幼儿园,58499509,上浦路36弄60号,200124
77,上海市浦东新区小浪花幼儿园,公办幼儿园,50633731,三林镇1466弄83号,200124
78,上海市浦东新区紫叶幼儿园,公办幼儿园,"58440827
68929639","（中大班部校区）紫叶路246号
（小班部校区）莲安西路125弄56号",201204
79,上海市浦东新区七色花幼儿园,公办幼儿园,"58531209
68743119
50178639","（南新部)下南路551弄38号
（绿林部）下南路309弄23号
（梓康部）梓康路666弄16号",200125
80,上海市浦东新区绿川幼儿园,公办幼儿园,50611392,博华路999弄9号,201204
81,上海市浦东新区北蔡幼儿园,公办幼儿园,50914773,"（北中路校区）北中路455号
（莲园路校区）莲园路555弄12号
（五星路校区）五星路231弄28号",201204
82,上海市浦东新区未来之星幼儿园,公办幼儿园,50656904,"(三林部)西泰林路375号
(康桥部)环桥路1425号",200123
83,上海市浦东新区周浦幼儿园,公办幼儿园,58111451,周浦镇公元新村15号,201318
84,上海市浦东新区澧溪幼儿园,公办幼儿园,"58111619
33890276","（澧溪校区）年家浜路353号
（瑞阳校区）瑞阳路2号",201318
85,上海市浦东新区好奇妙幼儿园 ,公办幼儿园,50174635,"荷兰部：春阳路209号
森兰部：高西路625号",200137
86,上海市浦东新区东旭幼儿园,公办幼儿园,33845233,莱阳路1418号,201208
87,上海市浦东新区绿洲幼儿园 ,公办幼儿园,50129133,东靖路2250弄121号,201208
88,上海市浦东新区福山同乐幼儿园,公办幼儿园,68978295,新行路96号,201208
89,上海市浦东新区高欣幼儿园,公办幼儿园,58615990,"季景北路765号
学前新村部:海春路150弄11号",200137
90,上海市浦东新区上炼三村幼儿园,公办幼儿园,58679906,大同路808弄36号,200137
91,上海市浦东新区凌桥幼儿园,公办幼儿园,58642180,凌桥凌高路128号,200137
92,上海市浦东新区明日之星幼儿园,公办幼儿园,58621483,冬融路223号,200137
93,上海市浦东新区高东幼儿园,公办幼儿园,"58484808
68481891","高东光明路489号
杨园部:高东镇环一路55号",200137
94,上海市浦东新区好儿童幼儿园,公办幼儿园,38720755,秋岚路101号,200137
95,上海市浦东新区东城幼儿园,公办幼儿园,58005408,惠南镇靖海路359号,201300
96,上海市浦东新区靖海之星幼儿园,公办幼儿园,20910656,惠南镇靖海南路519弄10号,201301
97,上海市浦东新区宣桥幼儿园,公办幼儿园,"68049331
58181444","宣桥镇宣镇东路785弄8号
分部：宣桥镇宣镇东路5号",201314
98,上海市浦东新区三灶幼儿园,公办幼儿园,"58033899
68243492","南园：宣桥镇三灶亦园路74弄96号
北园：南六公路399弄101号",201300
99,上海市浦东新区绿苑幼儿园,公办幼儿园,20915566,惠南镇盐大路2585弄36号,201300
100,上海市浦东新区惠南西门幼儿园,公办幼儿园,58022253,惠南镇香光路5号,201300
101,上海市浦东新区南汇实验幼儿园,公办幼儿园,58021493,惠南镇少年路1号,201300
102,上海市浦东新区荡湾幼儿园,公办幼儿园,58006039,惠南镇荡湾路21号,201300
103,上海市浦东新区黄路幼儿园,公办幼儿园,"68271157
/","南园:惠南镇黄路文卫路5号
北园:惠南镇黄路黄家路8号",201301
104,上海市浦东新区崂山幼儿园,公办幼儿园,58765617,崂山二村38号,200120
105,上海市浦东新区灵山幼儿园,公办幼儿园,50500405,"灵山路2000弄57号
云山路1656号",200135
106,上海市浦东新区凌民幼儿园,公办幼儿园,58607286,浦东大道1615弄24号,200135
107,上海市浦东新区罗山幼儿园,公办幼儿园,58609088,万德路52弄34号,200135
108,上海市浦东新区王港幼儿园,公办幼儿园,58587456,"王港新雅路181号
王港上丰路1601号",201201
109,上海市浦东新区唐镇幼儿园,公办幼儿园,38971832,唐安路851号,201203
110,上海市浦东新区蔡路幼儿园,公办幼儿园,68906046,利云路7947弄55号,201201
111,上海市浦东新区金爵幼儿园,公办幼儿园,68790288,唐安路1072号,201203
112,上海市浦东新区老港镇中心幼儿园,公办幼儿园,68291578,"老港镇建苑路12号
老港镇滨海通源西路3号",201302
113,上海市浦东新区新港幼儿园,公办幼儿园,33753708,书院镇中六路48弄3号,201304
114,上海市浦东新区书院幼儿园,公办幼儿园,33753927,"书院镇弘中路20号
书院镇石潭路79号",201305
115,上海市浦东新区泥城幼儿园,公办幼儿园,58070739,"泥城路160号
泥城镇霞光路148号",201306
116,上海市浦东新区彭镇幼儿园,公办幼儿园,20900276,"彭镇镇马五路475号
青岛路150号",201306
117,上海市浦东新区芦潮港幼儿园,公办幼儿园,58283080,芦潮港镇芦云路2号,201308
118,上海市浦东新区三墩幼儿园,公办幼儿园,38018098,"大团三宣公路312号
大团永爱路281号  ",201312
119,上海市浦东新区万祥幼儿园,公办幼儿园,38200161,万祥镇祥安路146号,201313
120,上海市临港新城海音幼儿园,公办幼儿园,38014078,临港新城古棕路438弄41―42号,201306
121,上海市今日学校附幼,公办幼儿园,58291219*8007,书院镇三三公路4958号,201303
122,上海市浦东新区金粤幼儿园,公办幼儿园,50760058,金葵路1076号,201206
123,上海市浦东新区常青幼儿园,公办幼儿园,58775603,"张杨路370弄44号
浦城路580弄10号",200122
124,上海市浦东新区高科幼儿园,公办幼儿园,33922203,益江路116号,201203
125,上海市浦东新区孙桥幼儿园,公办幼儿园,38921550,殷北路458,201203
126,上海市浦东新区川沙幼儿园,公办幼儿园,58981383,"南桥路477号
华夏一路328号",201200
127,上海市浦东新区六团幼儿园,公办幼儿园,38931461,普园路1号,201202
128,上海市浦东新区开心幼儿园,公办幼儿园,50530069,江绣路432号,201202
129,上海市浦东新区锦绣博文幼儿园,公办幼儿园,50121790,锦绣路2760号,201204
130,上海市浦东新区新场幼儿园,公办幼儿园,68171325,新场镇牌楼东路53号,201314
131,上海市浦东新区石笋幼儿园,公办幼儿园,58170348,新场镇新艺路108号,201314
132,上海市浦东新区坦直幼儿园,公办幼儿园,68154035,坦直秀丰路15号,201314
133,上海市浦东新区六灶幼儿园,公办幼儿园,"68160526
58160202","鹿溪路246号
周祝公路2231号",201322
134,上海市浦东新区盐仓幼儿园,公办幼儿园,58090250,祝桥镇盐仓育兴路4号,201324
135,上海市浦东新区东海幼儿园,公办幼儿园,68266685,"祝桥镇东海图海路32号
盐仓育兴路4号",201325
136,上海市浦东新区红蜻蜓幼儿园,公办幼儿园,"58836118
58837841","德州路255弄58号
上南路1500弄32支弄1号","200126
200127"
137,上海市浦东新区上钢九村幼儿园,公办幼儿园,"50560688
50878228","（总部）西营路33弄10号
（分部）耀华路414弄16号",200126
138,上海市浦东新区上南三村幼儿园,公办幼儿园,"58838279
50877759","（总部）上南路1251弄24号
（分部）上南路929弄3号",200126
139,上海市浦东新区上南五村幼儿园,公办幼儿园,58728706,上南五村8号,200126
140,上海市浦东新区南码头幼儿园,公办幼儿园,"58702988
58393052","（总部）南码头路193弄10号
（分部）东三街102弄27号",200125
141,上海市浦东新区小叮当幼儿园,公办幼儿园,"50832347
50651200","（北园）环林西路608弄89号
（南园）环林西路618弄1号",200123
142,上海市浦东新区三林幼儿园,公办幼儿园,"58410379
58492463","（中心部）三新路1号
（联丰部）联明路371",200124
143,上海市浦东新区杨思幼儿园,公办幼儿园,"68326011
58425258","（南园区）西营南路75号
（北园区）杨新路82号",200126
144,上海市浦东新区恒宇幼儿园,公办幼儿园,"68529897
50496682","（杨南校区）杨南路1039号
（杨东校区）洪山路748号",200123
145,上海市浦东新区天池幼儿园,公办幼儿园,"50425891
68935330","（天池校区）北艾路227弄25号
（锦华校区）锦绣路2866弄15号","201204
200125"
146,上海市浦东新区贝贝星幼儿园,公办幼儿园,68931975,御山路391号,201204
147,上海市浦东新区航头幼儿园,公办幼儿园,"68221871
68220219","（长达部）航梅路525弄5支弄5号
（航兴部）航头镇航兴路58号",201316
148,上海市浦东新区下沙幼儿园,公办幼儿园,58141692,下沙新街51弄2号,201317
149,上海市浦东新区周东幼儿园,公办幼儿园,68135283,康桥镇康弘路528弄6号,201315
150,上海市浦东新区康桥第一幼儿园,公办幼儿园,"58111402
38122736","(梓康部） 康桥镇梓康路17号
（绿洲部）康桥镇御水路855号","201318
201315"
151,上海市浦东新区康桥第二幼儿园,公办幼儿园,"58131414
38252884","（拯安部）拯安路5号
（康弘部）康弘路528弄6号","201319
201318"
152,上海市浦东新区瓦屑幼儿园,公办幼儿园,"58150111
33892822","(瓦屑校区）瓦屑建设路14号
（瑞和校区）瑞和路176号","201321
201318"
153,上海市浦东新区周浦欧风幼儿园,公办幼儿园,33891590,周浦镇瑞意路339号,201318
154,上海市浦东新区爱心幼儿园,公办幼儿园,68509585,浦东大道2388弄14号,200116
155,上海市浦东新区繁锦幼儿园,公办幼儿园,,芳菲路318号,201208
156,上海市浦东新区海星幼儿园,公办幼儿园,68685882,金钻路899号,201209
157,上海市浦东新区天虹幼儿园,公办幼儿园,33822660＊804,东靖路345号,201208
158,上海市浦东新区南六幼儿园,公办幼儿园,,南六公路399弄170号,201300
159,上海市浦东新区羽灵幼儿园,公办幼儿园,,羽山路392号,200135
160,上海市浦东新区祝桥东港幼儿园,公办幼儿园,58107967,"祝桥镇祝城路78号
千汇路251弄2号",201323
161,上海市浦东新区新城幼儿园,公办幼儿园,68093388,众安路800号,201314
162,上海市浦东新区锦绣幼儿园,公办幼儿园,50270751,锦绣路2460号,201204
163,上海市浦东新区东方江韵幼儿园,公办幼儿园,50252968,张江中科路2685号,201210
164,上海市浦东新区百熙幼儿园,公办幼儿园,68102022,祝桥百熙路55弄15号,201323
165,上海市浦东新区东方德尚幼儿园,公办幼儿园,50497985,高木桥路655号,201210
166,上海市浦东新区潮和幼儿园,公办幼儿园,20911002,潮河路113号,201308
167,上海市浦东新区滴水湖幼儿园,公办幼儿园,20903530,临港新城古棕路255号,201306
168,上海市浦东新区绣川幼儿园,公办幼儿园,68651056,华夏二路1418号,201200
169,上海市浦东新区海阳之星幼儿园,公办幼儿园,38760866,海阳路450弄1号,200123
170,上海市浦东新区东方锦绣幼儿园,公办幼儿园,50123568,华春路180号,200125
171,上海市浦东新区永泰幼儿园,公办幼儿园,50272822,永泰路170号,200124
172,上海市浦东新区康桥第三幼儿园,公办幼儿园,38013066,康佳路80号,201315
173,上海市浦东新区康弘幼儿园,公办幼儿园,20925225,康弘路415号,201318
174,上海市浦东新区童心幼儿园,公办幼儿园,68096183,周浦镇瑞浦路631号,201318
175,上海市浦东新区鹏飞幼儿园,公办幼儿园,68661886,鹏飞路246号,201204
176,上海市浦东新区航瑞幼儿园,公办幼儿园,,航头镇鹤涛路400号,201316
177,上海市浦东新区尚东之星幼儿园,公办幼儿园,50345751,海阳路1311号,200126
178,上海市浦东新区鹤沙之星幼儿园,公办幼儿园,58148929,鹤驰路328号,201316
179,上海市浦东新区经纬幼儿园,公办幼儿园,20985536,鹤驰路142号,201316
180,上海新浦东新区海洲幼儿园,公办幼儿园,20930607*8033,航头路988弄75号,201316
181,上海市浦东新区懿德之爱幼儿园,公办幼儿园,68410803,懿航路767号,200124
182,东方城市幼儿园,公办幼儿园,50390667,东三里桥路780号,200125
183,上海市浦东新区南汇早期教育指导中心,公办幼儿园,58022211,惠南镇东门大街420弄6号,201300
184,解放军61398部队幼儿园,部队幼儿园,68660022,高桥大同路208号,200137
185,上海市浦东新区民办世纪星证大幼稚园,民办幼儿园,68975958,五莲路1818号,201206
186,上海市浦东新区民办世纪星双语实验幼稚园,民办幼儿园,58506698,博山东路169号,200135
187,上海民办胡姬港湾幼儿园,民办幼儿园,51305140,羽山路100弄13号,200135
188,上海市浦东新区民办维多利亚幼儿园,民办幼儿园,38689780,银宵路39弄38号,201204
189,上海市浦东新区民办大风车幼儿园,民办幼儿园,50593180,东绣路1260号,201204
190,上海市浦东新区民办小龙鱼环球幼儿园,民办幼儿园,50835132,环林东路807号,200126
191,上海市浦东新区民办爱绿幼儿园,民办幼儿园,50893527,北园路28号,200127
192,上海浦东新区民办现代宝贝幼儿园,民办幼儿园,50656841,御桥路411号,200123
193,上海市浦东新区民办碧云幼儿园,民办幼儿园,68959732,长岛路823弄,201206
194,上海浦东新区民办东方剑桥幼儿园,民办幼儿园,68979531,高建路116号,201208
195,上海浦东新区民办嘉臣名都幼儿园,民办幼儿园,58548895,台儿庄路666弄35号,201206
196,上海浦东新区民办小风车金桥丽都幼儿园,民办幼儿园,50257776,利津路729弄32号,201206
197,上海浦东新区民办同汇幼儿园,民办幼儿园,50266846,博兴路1680弄10号,201206
198,上海市民办小博士幼儿园,民办幼儿园,58623916,春晖路289弄27号,200137
199,上海市民办悦多智能幼儿园,民办幼儿园,68610043,兰城路115弄49 号,200129
200,上海市浦东新区民办菊园幼儿园,民办幼儿园,58795469,浦城路379号,200120
201,上海市浦东新区民办仁恒幼儿园,民办幼儿园,68889700,浦城路99弄15号,200120
202,上海市浦东新区民办金太阳幼儿园,民办幼儿园,50704300,金杨路750弄57号,200129
203,上海市浦东新区民办小龙鱼金樟幼儿园,民办幼儿园,50383861,栖山路1489弄39号,200135
204,上海市浦东新区民办海达幼儿园,民办幼儿园,68919643,合庆镇南街39号,201201
205,上海浦东新区民办世纪昂立幼儿园,民办幼儿园,68502826,云山路839弄30号,200129
206,上海浦东新区民办弘韵数码幼儿园,民办幼儿园,58217740,羽山路998弄27号,200135
207,上海浦东新区民办博雅汇潼幼儿园,民办幼儿园,50933869,博山路200弄9号,200135
208,上海市浦东新区天地幼儿园,民办幼儿园,58759020,蓝村路60弄8号,200127
209,上海浦东新区民办小风车广洋新景幼儿园,民办幼儿园,50333648*606,柳杉路99弄27号,200135
210,上海浦东新区民办张江英桥幼儿园,民办幼儿园,50271816,晨晖路665号,201203
211,上海市民办中芯幼儿园,民办幼儿园,58554588*296,青桐路19弄2号,201203
212,上海浦东新区民办海川剑鑫幼儿园,民办幼儿园,58924052,北城壕路111弄79号,201200
213,上海浦东新区民办贝贝树幼儿园,民办幼儿园,50792209,紫微路600号,201203
214,上海浦东新区民办建桥好好艺术幼儿园,民办幼儿园,68457181,东绣路73号,201204
215,上海浦东新区民办海富耀华幼儿园,民办幼儿园,58803988,耀华路550弄1号,200126
216,上海市浦东新区银星艺术幼儿园,民办幼儿园,"58457437
58837746","总部： 洪山路301弄57号
分部： 上钢五村10号",200126
217,上海浦东新区民办小白鸽幼儿园,民办幼儿园,58741657,洪山路301弄58号,200126
218,上海市浦东新区鹤琴文艺幼稚园,民办幼儿园,58424709,灵岩路50号,200126
219,上海市浦东新区民办建业大地幼儿园,民办幼儿园,68731003,浦东杨高南路2030弄29号,200125
220,上海市浦东新区新里城幼儿园,民办幼儿园,50633492,杨高南路4501弄138号,200123
221,上海市浦东新区民办御桥幼儿园,民办幼儿园,68930416,御青路328弄58号,201204
222,上海浦东新区民办小风车幼儿园,民办幼儿园,58494258,凌兆路127弄2号,200124
223,上海海富龙阳幼儿园,民办幼儿园,50398797,东环龙路201号,200127
224,上海浦东新区民办大华锦绣爱绿幼儿园,民办幼儿园,50787771,下南路619号,200125
225,上海浦东新区民办紫华中意幼儿园,民办幼儿园,50838826,环林东路271弄41号,200126
226,上海市儿童世界基金文学幼儿园,民办幼儿园,68196765,康士路2弄                     康桥镇军民公路3000号,201315
227,上海浦东新区民办东方小莹星幼儿园,民办幼儿园,58585232,龙东大道4328号,201201
228,上海浦东新区民办普瑞姆幼儿园,民办幼儿园,50477466-8006,金豫路450号2号楼,201206
229,上海民办中福会幼儿园,民办幼儿园,68192363,康桥秀沿路1361号,201315
230,上海浦东新区民办英群幼儿园,民办幼儿园,33842800,德州路420弄22号,200126
231,上海市浦东新区海富幼儿园,民办幼儿园,50398211,东方路1361号,200127
232,上海浦东新区民办凌江幼儿园,民办幼儿园,58617872,凌江路271-301号,200137
233,上海浦东新区民办起航幼儿园,民办幼儿园,50418838＊12,浦东北路3838号,200137
234,上海浦东新区民办小脚印幼儿园,民办幼儿园,58699918,大同路1156号,201208
235,上海浦东新区民办金色摇篮幼儿园,民办幼儿园,,张杨北路5972号,200137
236,上海浦东新区民办伏龙桥幼儿园,民办幼儿园,68485069,高东杨园赵高公路1022号,200137
237,上海浦东新区民办精忠赵桥幼儿园,民办幼儿园,,赵高路1728号,201208
238,上海浦东新区民办祥天幼儿园,民办幼儿园,,川沙路955号,201209
239,上海浦东新区民办阳光贝贝幼儿园,民办幼儿园,,东川路4750号,201209
240,上海浦东新区民办文化幼儿园,民办幼儿园,68009306,听潮南路453号,201300
241,上海浦东新区民办惠然幼儿园,民办幼儿园,68008628,英雄村农场路4号,
242,上海浦东新区民办博奥幼儿园,民办幼儿园,,黄路村3004号-（19临）,201301?
243,上海浦东新区民办明辉幼儿园,民办幼儿园,58034372,宣桥镇光明六组531号,201314
244,上海浦东新区民办胡姬港湾松林幼儿园,民办幼儿园,50581250,松林路323号,200122
245,上海浦东新区民办刘诗昆音乐幼儿园,民办幼儿园,,严桥路221号,201204
246,上海浦东新区民办漆铭幼儿园,民办幼儿园,20980998,航头路1028号,201316
247,上海浦东新区民办尚德幼儿园,民办幼儿园,68180051,秀沿路1678号,201315
248,上海浦东新区民办陆凌幼儿园,民办幼儿园,58617872,高桥镇陆凌村西凌家宅601号,200137
249,上海浦东新区民办张江利生幼儿园,民办幼儿园,58570953,三灶浜路1001号,201210
250,上海浦东新区民办浦光幼儿园,民办幼儿园,68397029,益华路816号,201203
251,上海浦东新区民办百花幼儿园,民办幼儿园,58248136,泥城镇万彭桥车站367号,201307
252,上海浦东新区民办大团笑康幼儿园,民办幼儿园,58238012,大团镇周坪村一组102,201311
253,上海市南汇大团青青幼儿园,民办幼儿园,58081051,大团镇海潮村161号,201311
254,上海浦东新区民办苗苗幼儿园,民办幼儿园,58043318,万祥镇振万路246号,201313
255,上海浦东新区民办老港第二幼儿园,民办幼儿园,58052192,老港镇建港村港北395号,201302
256,上海浦东新区民办米奇幼儿园,民办幼儿园,68909005,合庆勤俭四村西张家宅118号,201201
257,上海浦东新区民办浦新幼儿园,民办幼儿园,38984038,王港新雅路170号,201201
258,上海浦东新区民办南奉幼儿园,民办幼儿园,58084072,大团海潮村1009号,201311
259,上海浦东新区民办跃丰幼儿园,民办幼儿园,50125851,合庆镇丰村路三队金家宅58号,201201
260,上海浦东新区民办恒星幼儿园,民办幼儿园,50151589,合庆镇益华路88号,201201
261,上海浦东新区民办海川之星幼儿园,民办幼儿园,50114102,张江镇中心村蔡家圈宅13号,201210
262,上海浦东新区民办浦汇幼儿园,民办幼儿园,58172266,奉新公路110号,201314
263,上海浦东新区民办远航幼儿园,民办幼儿园,,普新路688号,201202
264,上海浦东新区民办永卓幼儿园,民办幼儿园,50189737,孙桥路615号,201210
265,上海浦东新区民办卫亭路幼儿园,民办幼儿园,,川南奉公路5468号,201323
266,上海浦东新区民办金色阳光幼儿园,民办幼儿园,,盐朝公路798号,201323
267,上海浦东新区民办康花幼儿园,民办幼儿园,58125779,康桥镇康花新村125号,201315
268,上海浦东新区民办向日葵世博幼儿园,民办幼儿园,61063918,东书房路301、303、305、307号,200125
269,上海浦东新区民办都市贝贝幼儿园,民办幼儿园,50188029,三林镇中林村三林桥队,200123
270,上海浦东新区民办星苗幼儿园,民办幼儿园,50823816,三林路184号,200124
271,上海浦东新区民办快乐宝贝幼儿园,民办幼儿园,50849008,三林镇南阜村瞿弄队,200124
272,上海浦东新区民办活力宝贝幼儿园,民办幼儿园,58532218,下南路355号,200125
273,上海浦东新区民办兴满幼儿园,民办幼儿园,33707677,北蔡镇卫行村张浜队,201204
274,上海浦东新区民办新童幼儿园,民办幼儿园,58110012,周浦镇东南二村94号,201318
275,上海浦东新区民办爱贝幼儿园,民办幼儿园,58154180,周浦镇瓦屑建设路26号 ,201321
276,上海浦东新区民办星杰幼儿园,民办幼儿园,68115806,周浦镇年家浜路444号,201318
277,上海浦东新区民办喜乐洋洋幼儿园,民办幼儿园,68128343,周浦镇川周公路4264号,201318
278,上海浦东新区民办圣鑫幼儿园,民办幼儿园,20960215,川周公路4115号,201318
279,上海浦东新区民办康桥工友幼儿园,民办幼儿园,68139386,横沔老镇河西街2号,201319
280,上海浦东新区民办凯馨幼儿园,民办幼儿园,58140558,航头镇下沙新街105号,201317
281,上海浦东新区民办咸塘小镇幼儿园,民办幼儿园,58228468,沪南路5300号,201317
282,上海浦东新区民办西山幼儿园,民办幼儿园,58146528,航头下沙鹤立西路88弄68号,201317
